﻿<parameters>
  <parameter name="IIS Web Application Name" defaultValue="Default Web Site/Proyecto_ReservaEntradas_Evento_deploy" tags="IisApp">
    <parameterEntry kind="ProviderPath" scope="IisApp" match="^C:\\Users\\solucomp\\Documents\\GitHub\\Proyecto_Reserva_Eventos\\Proyecto_ReservaEntradas_Evento\\Proyecto_ReservaEntradas_Evento\\obj\\Debug\\Package\\PackageTmp$" />
    <parameterEntry kind="ProviderPath" scope="setAcl" match="^C:\\Users\\solucomp\\Documents\\GitHub\\Proyecto_Reserva_Eventos\\Proyecto_ReservaEntradas_Evento\\Proyecto_ReservaEntradas_Evento\\obj\\Debug\\Package\\PackageTmp$" />
  </parameter>
  <parameter name="cadenaConexion-Web.config Connection String" description="cadenaConexion Connection String used in web.config by the application to access the database." defaultValue="Data Source=(local);Initial Catalog=Proyecto_ReservaEntradas_Eventos;Integrated Security=True" tags="SqlConnectionString">
    <parameterEntry kind="XmlFile" scope="obj\\Debug\\Package\\PackageTmp\\Web\.config$" match="/configuration/connectionStrings/add[@name='cadenaConexion']/@connectionString" />
  </parameter>
  <parameter name="Proyecto_ReservaEntradas_EventosConnectionString-Web.config Connection String" description="Proyecto_ReservaEntradas_EventosConnectionString Connection String used in web.config by the application to access the database." defaultValue="Data Source=(local);Initial Catalog=Proyecto_ReservaEntradas_Eventos;Integrated Security=True" tags="SqlConnectionString">
    <parameterEntry kind="XmlFile" scope="obj\\Debug\\Package\\PackageTmp\\Web\.config$" match="/configuration/connectionStrings/add[@name='Proyecto_ReservaEntradas_EventosConnectionString']/@connectionString" />
  </parameter>
</parameters>